{"acc_base_task_1": 43.3, "acc_ema_task_1": 55.3, "acc_base_task_2": 32.4, "acc_ema_task_2": 41.2, "acc_base_task_3": 19.8, "acc_ema_task_3": 29.0, "acc_base_task_4": 30.9, "acc_ema_task_4": 42.6, "acc_base_task_5": 37.5, "acc_ema_task_5": 45.6, "acc_base_task_6": 44.0, "acc_ema_task_6": 55.2, "acc_base_task_7": 28.9, "acc_ema_task_7": 41.7, "acc_base_task_8": 39.4, "acc_ema_task_8": 54.7, "acc_base_task_9": 48.8, "acc_ema_task_9": 63.9, "acc_base_task_10": 87.4, "acc_ema_task_10": 84.7, "mean_base_acc": 41.24, "mean_ema_acc": 51.39, "error": 0.2297777384519577, "acc_gt": 38.691104888916016, "acc_pred": 70.56890106201172, "_runtime": 18049, "_timestamp": 1640241887, "_step": 1699}