{"acc_base_task_1": 41.8, "acc_ema_task_1": 55.1, "acc_base_task_2": 29.5, "acc_ema_task_2": 39.6, "acc_base_task_3": 18.5, "acc_ema_task_3": 28.1, "acc_base_task_4": 31.0, "acc_ema_task_4": 40.7, "acc_base_task_5": 36.6, "acc_ema_task_5": 46.0, "acc_base_task_6": 41.6, "acc_ema_task_6": 53.7, "acc_base_task_7": 27.7, "acc_ema_task_7": 40.3, "acc_base_task_8": 38.1, "acc_ema_task_8": 51.4, "acc_base_task_9": 47.3, "acc_ema_task_9": 60.1, "acc_base_task_10": 86.4, "acc_ema_task_10": 85.1, "mean_base_acc": 39.85, "mean_ema_acc": 50.01, "error": 0.14630621671676636, "acc_gt": 36.844451904296875, "acc_pred": 70.34001159667969, "_runtime": 18944, "_timestamp": 1640242655, "_step": 1699}